region,amount
1000,2666.6666666666665
North,2000.0
South,2666.6666666666665
West,3000.0
